{
    "model": "Gradient Boosting",
    "segments": 3,
    "mse_train": 18.8273948069832,
    "r2_train": 0.977094711978646,
    "mse_test": 33.98666705199414,
    "r2_test": 0.9598227325135501
}