{
    "model": "Gradient Boosting",
    "segments": 3,
    "mse": 0.027817751939959195,
    "r2": 0.997693492053168
}