{
    "model": "Linear Regression",
    "segments": 4,
    "mse": 7.596158628572987,
    "r2": 0.2990527300461113
}