{
    "model": "Linear Regression",
    "segments": 3,
    "skip": 4,
    "mse": 2.3250112517103667,
    "r2": 0.807221771906004
}