{
    "model": "Linear Regression",
    "segments": 4,
    "mse_train": 47.728141099359526,
    "r2_train": 0.9419342490125522,
    "mse_test": 56.640445632624214,
    "r2_test": 0.9330426154688167
}