{
    "model": "Linear Regression",
    "segments": 8,
    "mse_train": 37.71314367687436,
    "r2_train": 0.9541184307778411,
    "mse_test": 42.07622158116953,
    "r2_test": 0.9502596825190426
}