{
    "model": "Linear Regression",
    "segments": 3,
    "mse_train": 49.54210002891133,
    "r2_train": 0.939727398188726,
    "mse_test": 58.204729332641065,
    "r2_test": 0.9311934007592919
}