{
    "model": "Linear Regression",
    "segments": 5,
    "mse_train": 46.41071409179206,
    "r2_train": 0.9435370222780414,
    "mse_test": 56.96720836764576,
    "r2_test": 0.9326563335839387
}