{
    "model": "Linear Regression",
    "segments": 3,
    "mse": 10.616140843384041,
    "r2": 0.11976304653220593
}