{
    "model": "Linear Regression + Length",
    "segments": 0,
    "mse": 2.3433113204062486,
    "r2": 0.8057044223385147
}