{
    "model": "Linear Regression",
    "segments": 7,
    "mse": 1.5191895801724915,
    "r2": 0.8598144350542152
}