{
    "model": "Random Forest",
    "segments": 3,
    "mse": 0.41257484021530916,
    "r2": 0.9657913712914888
}