{
    "model": "Random Forest",
    "segments": 5,
    "mse_train": 42.936147178226456,
    "r2_train": 0.947764158146843,
    "mse_test": 51.470006806892414,
    "r2_test": 0.9391548389300333
}