{
    "model": "Random Forest",
    "segments": 4,
    "mse_train": 44.504919406824385,
    "r2_train": 0.9458555998941308,
    "mse_test": 51.32687785485974,
    "r2_test": 0.9393240385218048
}