{
    "model": "Random Forest",
    "segments": 8,
    "mse_train": 36.79096897985834,
    "r2_train": 0.9552403426120436,
    "mse_test": 43.849828337413285,
    "r2_test": 0.9481630169956958
}