{
    "model": "Random Forest",
    "segments": 7,
    "mse_train": 39.795408140764636,
    "r2_train": 0.9515851611581725,
    "mse_test": 48.29008734714611,
    "r2_test": 0.9429139740792417
}