{
    "model": "Random Forest",
    "segments": 6,
    "mse_train": 41.26414153407428,
    "r2_train": 0.9497983095121943,
    "mse_test": 49.61832680854774,
    "r2_test": 0.9413437985735014
}