{
    "model": "Random Forest",
    "segments": 3,
    "mse_train": 43.32118883754725,
    "r2_train": 0.9472957189284923,
    "mse_test": 48.895076149232885,
    "r2_test": 0.9421987878301588
}