{
    "model": "Gradient Boosting",
    "segments": 3,
    "mse": 0.0038169177077665975,
    "r2": 0.9996835203993346
}