{
    "model": "Gradient Boosting",
    "segments": 3,
    "mse": 0.00021840629261385427,
    "r2": 0.9999818908497481
}